{
  "bg": 95, 
  "temp": "absolute", 
  "snoozeBG": 117, 
  "recieved": true, 
  "predBGs": {
    "IOB": [
      95, 
      96, 
      97, 
      98, 
      100, 
      101, 
      102, 
      103, 
      104, 
      105, 
      106, 
      107, 
      108, 
      108, 
      109, 
      109, 
      109, 
      109, 
      109, 
      109, 
      109, 
      109, 
      108, 
      108, 
      108, 
      108, 
      107, 
      107, 
      106, 
      106, 
      106, 
      105, 
      105, 
      105, 
      105, 
      105, 
      104
    ]
  }, 
  "rate": 0.75, 
  "reason": "COB: 0, Dev: 1, BGI: 0.84, ISF: 56.3, Target: 116; Eventual BG 117>=116, 27m@0.340 = 0.153 > req 0.017761989342806397+0.1U", 
  "COB": 0, 
  "eventualBG": 117, 
  "timestamp": "2016-06-17T08:16:13.741855", 
  "duration": 30, 
  "tick": "+1", 
  "IOB": -0.381
}