{
  "requested": {
    "duration": 30, 
    "rate": 1.55, 
    "temp": "absolute"
  }, 
  "bg": 141, 
  "temp": "absolute", 
  "snoozeBG": 136, 
  "timestamp": "2016-06-17T01:12:30.608910", 
  "predBGs": {
    "IOB": [
      141, 
      144, 
      146, 
      148, 
      149, 
      150, 
      151, 
      150, 
      150, 
      149, 
      147, 
      145, 
      142, 
      139, 
      136, 
      133, 
      130, 
      127, 
      124, 
      121, 
      118, 
      115, 
      113, 
      110, 
      108, 
      106, 
      104, 
      103, 
      101, 
      100, 
      98, 
      97, 
      96, 
      96, 
      95, 
      94
    ]
  }, 
  "rate": 1.8, 
  "reason": "COB: 0, Dev: 25, BGI: -1.22, ISF: 66.1, Target: 105; Eventual BG 136>=105, 29m@1.190 = 0.575 > req 0.46898638426626327+0.1U", 
  "COB": 0, 
  "eventualBG": 136, 
  "recieved": false, 
  "duration": 28, 
  "tick": "+3", 
  "IOB": 0.451
}