{
  "bg": 124, 
  "temp": "absolute", 
  "snoozeBG": 113, 
  "recieved": true, 
  "predBGs": {
    "COB": [
      124, 
      128, 
      132, 
      134, 
      136, 
      136, 
      137, 
      136, 
      136, 
      134, 
      133, 
      131, 
      128, 
      125, 
      121, 
      118, 
      114, 
      111, 
      108, 
      106, 
      103, 
      101, 
      99, 
      97, 
      96, 
      95, 
      94, 
      93, 
      92, 
      92, 
      91, 
      90, 
      90, 
      89, 
      89, 
      89, 
      88
    ], 
    "aCOB": [
      124, 
      130, 
      135, 
      139, 
      141, 
      142, 
      143, 
      142, 
      140, 
      138, 
      134, 
      131, 
      127, 
      124, 
      120, 
      117, 
      113, 
      110, 
      107, 
      104, 
      102, 
      100, 
      98, 
      96, 
      95, 
      94, 
      93, 
      92, 
      91, 
      90, 
      90, 
      89, 
      89, 
      88, 
      88, 
      88, 
      87
    ], 
    "IOB": [
      124, 
      128, 
      132, 
      134, 
      135, 
      135, 
      135, 
      134, 
      133, 
      131, 
      128, 
      125, 
      122, 
      118, 
      115, 
      111, 
      108, 
      105, 
      102, 
      99, 
      97, 
      94, 
      93, 
      91, 
      90, 
      89, 
      88, 
      87, 
      86, 
      85, 
      85, 
      84, 
      83, 
      83, 
      83, 
      82
    ]
  }, 
  "rate": 1.0, 
  "reason": "COB: 12, Dev: 46, BGI: -2.64, ISF: 60.6, Target: 102; Eventual BG 113>=102, 27m@0.690 = 0.311 > req 0.18151815181518152+0.1U", 
  "COB": 12, 
  "eventualBG": 113, 
  "timestamp": "2016-06-18T07:31:45.941416", 
  "duration": 30, 
  "tick": "+5", 
  "IOB": 0.944
}