{
  "bg": 154, 
  "temp": "absolute", 
  "snoozeBG": 93, 
  "recieved": true, 
  "predBGs": {
    "COB": [
      154, 
      152, 
      150, 
      147, 
      144, 
      141, 
      137, 
      134, 
      130, 
      126, 
      122, 
      118, 
      115, 
      112, 
      109, 
      106, 
      104, 
      102, 
      100, 
      99, 
      97, 
      96, 
      95, 
      95, 
      94, 
      94, 
      93, 
      93, 
      94, 
      94, 
      94, 
      95, 
      95, 
      95, 
      96
    ], 
    "aCOB": [
      154, 
      155, 
      152, 
      149, 
      146, 
      142, 
      139, 
      135, 
      130, 
      126, 
      122, 
      118, 
      114, 
      111, 
      108, 
      105, 
      102, 
      100, 
      98, 
      96, 
      95, 
      94, 
      92, 
      92, 
      91, 
      90, 
      90, 
      90, 
      90, 
      90, 
      90, 
      91, 
      91, 
      91, 
      92
    ], 
    "IOB": [
      154, 
      152, 
      150, 
      147, 
      144, 
      141, 
      137, 
      133, 
      129, 
      125, 
      121, 
      117, 
      113, 
      110, 
      107, 
      104, 
      101, 
      99, 
      97, 
      95, 
      94, 
      92, 
      91, 
      91, 
      90, 
      89, 
      89, 
      89, 
      89, 
      89, 
      89, 
      90, 
      90, 
      90, 
      91
    ]
  }, 
  "rate": 0.45, 
  "reason": "COB: 2, Dev: 2, BGI: -2.39, ISF: 59.7, Target: 101; Eventual BG 96<101, 29m@-1.010 = -0.488 < req -0.26800670016750416-0.2U", 
  "COB": 2, 
  "eventualBG": 96, 
  "timestamp": "2016-06-17T23:19:08.290625", 
  "duration": 30, 
  "tick": -2, 
  "IOB": 1.347
}