{
  "bg": 137, 
  "temp": "absolute", 
  "snoozeBG": 123, 
  "recieved": true, 
  "predBGs": {
    "IOB": [
      137, 
      137, 
      136, 
      136, 
      135, 
      134, 
      133, 
      132, 
      131, 
      130, 
      128, 
      126, 
      125, 
      123, 
      121, 
      120, 
      118, 
      116, 
      115, 
      113, 
      111, 
      110, 
      108, 
      107, 
      106, 
      105, 
      104, 
      103, 
      102, 
      101, 
      100, 
      100, 
      99, 
      99, 
      98
    ]
  }, 
  "rate": 0.85, 
  "reason": "COB: 0, Dev: 15, BGI: -2.52, ISF: 74.1, Target: 111; Eventual BG 123>=111, 29m@0.635 = 0.307 > req 0.16194331983805668+0.1U", 
  "COB": 0, 
  "eventualBG": 123, 
  "timestamp": "2016-06-14T11:42:21.264587", 
  "duration": 30, 
  "tick": "+0", 
  "IOB": 0.385
}