{
  "bg": 242, 
  "temp": "absolute", 
  "snoozeBG": 142, 
  "recieved": true, 
  "predBGs": {
    "COB": [
      242, 
      242, 
      241, 
      239, 
      236, 
      231, 
      226, 
      220, 
      214, 
      206, 
      199, 
      191, 
      182, 
      174, 
      166, 
      159, 
      152, 
      145, 
      138, 
      132, 
      127, 
      122, 
      118, 
      115, 
      112, 
      110, 
      109, 
      108, 
      108, 
      108, 
      109, 
      110, 
      111, 
      113, 
      114, 
      116, 
      118
    ], 
    "aCOB": [
      242, 
      247, 
      251, 
      253, 
      254, 
      254, 
      252, 
      250, 
      246, 
      242, 
      237, 
      232, 
      226, 
      220, 
      214, 
      208, 
      202, 
      196, 
      191, 
      186, 
      181, 
      177, 
      173, 
      169, 
      166, 
      164, 
      162, 
      160, 
      158, 
      157, 
      156, 
      155, 
      154, 
      153, 
      152, 
      152, 
      151
    ], 
    "IOB": [
      242, 
      242, 
      240, 
      237, 
      232, 
      226, 
      219, 
      211, 
      201, 
      191, 
      180, 
      169, 
      156, 
      144, 
      132, 
      121, 
      110, 
      99, 
      89, 
      80, 
      71, 
      63, 
      56, 
      49, 
      43, 
      39
    ]
  }, 
  "rate": 1.175, 
  "reason": "COB: 40, Dev: 29, BGI: -4.87, ISF: 66.7, Target: 106; Eventual BG 118>=106, 26m@1.410 = 0.611 > req 0.17991004497751123+0.1U", 
  "COB": 40, 
  "eventualBG": 118, 
  "timestamp": "2016-06-14T19:58:07.751101", 
  "duration": 30, 
  "tick": "+0", 
  "IOB": 3.023
}