{
  "requested": {
    "duration": 30, 
    "rate": 1.7, 
    "temp": "absolute"
  }, 
  "bg": 116, 
  "temp": "absolute", 
  "snoozeBG": 122, 
  "timestamp": "2016-06-17T22:33:07.211802", 
  "predBGs": {
    "IOB": [
      116, 
      118, 
      119, 
      121, 
      123, 
      124, 
      125, 
      126, 
      126, 
      126, 
      125, 
      124, 
      122, 
      120, 
      118, 
      116, 
      113, 
      111, 
      108, 
      106, 
      103, 
      101, 
      99, 
      97, 
      95, 
      94, 
      92, 
      90, 
      89, 
      88, 
      87, 
      86, 
      85, 
      84, 
      84, 
      83
    ]
  }, 
  "rate": 2.25, 
  "reason": "COB: 0, Dev: 23, BGI: -1.85, ISF: 59.7, Target: 101; Eventual BG 122>=101, 23m@1.240 = 0.475 > req 0.3517587939698492+0.1U", 
  "COB": 0, 
  "eventualBG": 122, 
  "recieved": false, 
  "duration": 22, 
  "tick": "+2", 
  "IOB": 0.285
}