{
  "bg": 131, 
  "temp": "absolute", 
  "snoozeBG": 138, 
  "recieved": true, 
  "predBGs": {
    "COB": [
      131, 
      135, 
      138, 
      141, 
      144, 
      146, 
      148, 
      150, 
      151, 
      151, 
      151, 
      150, 
      149, 
      147, 
      145, 
      143, 
      141, 
      139, 
      137, 
      135, 
      132, 
      130, 
      128, 
      126, 
      124, 
      122, 
      120, 
      119, 
      117, 
      116, 
      114, 
      114, 
      113, 
      113, 
      112
    ], 
    "aCOB": [
      131, 
      139, 
      146, 
      153, 
      158, 
      163, 
      167, 
      169, 
      171, 
      172, 
      171, 
      169, 
      167, 
      163, 
      159, 
      154, 
      150, 
      146, 
      142, 
      138, 
      135, 
      131, 
      128, 
      125, 
      123, 
      120, 
      118, 
      116, 
      115, 
      113, 
      112, 
      111, 
      111, 
      110
    ], 
    "IOB": [
      131, 
      135, 
      138, 
      140, 
      142, 
      143, 
      143, 
      143, 
      142, 
      140, 
      138, 
      134, 
      130, 
      125, 
      121, 
      117, 
      112, 
      108, 
      104, 
      101, 
      97, 
      94, 
      90, 
      88, 
      85, 
      82, 
      80, 
      78, 
      77, 
      75, 
      74, 
      73, 
      73, 
      72
    ]
  }, 
  "rate": 0.65, 
  "reason": "COB: 18, Dev: 31, BGI: -1.13, ISF: 70.8, Target: 109; Eventual BG 112>=109, 28m@0.440 = 0.205 > req 0.04237288135593221+0.1U", 
  "COB": 18, 
  "eventualBG": 112, 
  "timestamp": "2016-06-14T16:42:45.127466", 
  "duration": 30, 
  "tick": "+4", 
  "IOB": 1.019
}