{
  "bg": 156, 
  "temp": "absolute", 
  "snoozeBG": 118, 
  "recieved": true, 
  "predBGs": {
    "COB": [
      156, 
      156, 
      156, 
      155, 
      155, 
      155, 
      154, 
      153, 
      152, 
      151, 
      150, 
      149, 
      147, 
      146, 
      144, 
      143, 
      141, 
      140, 
      138, 
      137, 
      135, 
      134, 
      132, 
      130, 
      129, 
      127, 
      126, 
      124, 
      123, 
      122, 
      121, 
      120, 
      120, 
      119, 
      119, 
      119, 
      118
    ], 
    "aCOB": [
      156, 
      161, 
      165, 
      169, 
      171, 
      173, 
      173, 
      173, 
      172, 
      169, 
      166, 
      162, 
      159, 
      155, 
      152, 
      148, 
      145, 
      143, 
      140, 
      137, 
      135, 
      132, 
      130, 
      128, 
      126, 
      124, 
      123, 
      121, 
      120, 
      119, 
      118, 
      117, 
      117, 
      116
    ], 
    "IOB": [
      156, 
      156, 
      155, 
      154, 
      153, 
      152, 
      150, 
      148, 
      146, 
      143, 
      140, 
      137, 
      133, 
      130, 
      126, 
      123, 
      120, 
      117, 
      114, 
      112, 
      109, 
      107, 
      105, 
      103, 
      101, 
      99, 
      97, 
      96, 
      95, 
      93, 
      93, 
      92, 
      91, 
      91, 
      90
    ]
  }, 
  "rate": 0.75, 
  "reason": "COB: 13, Dev: 24, BGI: -3.96, ISF: 72.7, Target: 110; Eventual BG 118>=110, 13m@1.325 = 0.287 > req 0.11004126547455295+0.1U", 
  "COB": 13, 
  "eventualBG": 118, 
  "timestamp": "2016-06-14T13:56:27.968141", 
  "duration": 30, 
  "tick": "+0", 
  "IOB": 0.857
}