{
  "bg": 142, 
  "temp": "absolute", 
  "snoozeBG": 151, 
  "recieved": true, 
  "predBGs": {
    "IOB": [
      142, 
      144, 
      145, 
      146, 
      146, 
      145, 
      144, 
      142, 
      140, 
      137, 
      134, 
      130, 
      126, 
      121, 
      116, 
      111, 
      105, 
      100, 
      95, 
      90, 
      86, 
      81, 
      77, 
      74, 
      70, 
      67, 
      64, 
      61, 
      59, 
      57, 
      55, 
      54, 
      53, 
      52, 
      51
    ]
  }, 
  "rate": 1.125, 
  "reason": "COB: 0, Dev: 18, BGI: -0.93, ISF: 56.3, Target: 74; Eventual BG 79>=74, 18m@1.260 = 0.378 > req 0.08880994671403197+0.1U", 
  "COB": 0, 
  "eventualBG": 79, 
  "timestamp": "2016-06-17T19:56:29.192559", 
  "duration": 30, 
  "tick": "+2", 
  "IOB": 1.442
}