{
  "bg": 97, 
  "temp": "absolute", 
  "snoozeBG": 114, 
  "recieved": true, 
  "predBGs": {
    "IOB": [
      97, 
      98, 
      99, 
      99, 
      100, 
      101, 
      102, 
      103, 
      104, 
      105, 
      107, 
      108, 
      110, 
      111, 
      113, 
      114, 
      116, 
      117, 
      119, 
      120, 
      121, 
      123, 
      124, 
      125, 
      126, 
      126, 
      127, 
      128, 
      129, 
      129, 
      130, 
      130, 
      131, 
      131, 
      131, 
      131, 
      132
    ]
  }, 
  "rate": 0.575, 
  "reason": "COB: 0, Dev: -7, BGI: 1.84, ISF: 63.5, Target: 116; Eventual BG 114<116, 26m@-0.720 = -0.312 < req -0.06299212598425197-0.2U", 
  "COB": 0, 
  "eventualBG": 114, 
  "timestamp": "2016-06-16T06:47:13.976556", 
  "duration": 30, 
  "tick": "+2", 
  "IOB": -0.372
}