{
  "bg": 114, 
  "temp": "absolute", 
  "snoozeBG": 113, 
  "recieved": true, 
  "predBGs": {
    "IOB": [
      114, 
      114, 
      114, 
      114, 
      114, 
      114, 
      114, 
      114, 
      113, 
      113, 
      112, 
      112, 
      111, 
      110, 
      109, 
      108, 
      106, 
      105, 
      104, 
      103, 
      101, 
      100, 
      99, 
      98, 
      97, 
      96, 
      95, 
      94, 
      93, 
      93, 
      92, 
      91, 
      91, 
      90
    ]
  }, 
  "rate": 0.9, 
  "reason": "COB: 0, Dev: 6, BGI: -0.98, ISF: 63.5, Target: 104; Eventual BG 113>=104, 25m@0.745 = 0.310 > req 0.14173228346456693+0.1U", 
  "COB": 0, 
  "eventualBG": 113, 
  "timestamp": "2016-06-18T09:37:18.456916", 
  "duration": 30, 
  "tick": "+0", 
  "IOB": 0.113
}