{
  "bg": 184, 
  "temp": "absolute", 
  "snoozeBG": 123, 
  "recieved": true, 
  "predBGs": {
    "IOB": [
      184, 
      184, 
      183, 
      182, 
      181, 
      179, 
      176, 
      173, 
      170, 
      166, 
      161, 
      157, 
      152, 
      147, 
      142, 
      136, 
      131, 
      126, 
      122, 
      117, 
      113, 
      108, 
      105, 
      101, 
      98, 
      95, 
      93, 
      91, 
      89, 
      87, 
      86, 
      85, 
      84, 
      83, 
      82, 
      82, 
      81
    ]
  }, 
  "rate": 1.175, 
  "reason": "COB: 0, Dev: 14, BGI: -2.27, ISF: 64, Target: 104; Eventual BG 123>=104, 27m@1.245 = 0.560 > req 0.296875+0.1U", 
  "COB": 0, 
  "eventualBG": 123, 
  "timestamp": "2016-06-18T17:26:55.774965", 
  "duration": 30, 
  "tick": "+0", 
  "IOB": 1.179
}