{
  "bg": 129, 
  "temp": "absolute", 
  "snoozeBG": 115, 
  "recieved": true, 
  "predBGs": {
    "COB": [
      129, 
      131, 
      133, 
      133, 
      133, 
      131, 
      130, 
      127, 
      124, 
      121, 
      117, 
      114, 
      110, 
      107, 
      104, 
      100, 
      97, 
      94, 
      90, 
      87, 
      84, 
      82, 
      80, 
      78, 
      76, 
      74, 
      73, 
      72, 
      71, 
      70, 
      69, 
      68, 
      67, 
      66, 
      66, 
      65
    ], 
    "aCOB": [
      129, 
      134, 
      137, 
      138, 
      136, 
      133, 
      129, 
      126, 
      122, 
      119, 
      115, 
      112, 
      108, 
      105, 
      101, 
      98, 
      95, 
      91, 
      88, 
      85, 
      82, 
      80, 
      77, 
      76, 
      74, 
      72, 
      71, 
      70, 
      69, 
      67, 
      66, 
      66, 
      65, 
      64, 
      63
    ], 
    "IOB": [
      129, 
      132, 
      133, 
      134, 
      134, 
      134, 
      133, 
      132, 
      130, 
      128, 
      126, 
      123, 
      119, 
      116, 
      112, 
      109, 
      106, 
      102, 
      99, 
      96, 
      93, 
      91, 
      88, 
      86, 
      85, 
      83, 
      82, 
      81, 
      79, 
      78, 
      77, 
      76, 
      76, 
      75, 
      74, 
      74, 
      73
    ]
  }, 
  "rate": 1.25, 
  "reason": "COB: 8, Dev: 34, BGI: -2.68, ISF: 57.1, Target: 99; Eventual BG 115>=99, 27m@1.300 = 0.585 > req 0.28021015761821366+0.1U", 
  "COB": 8, 
  "eventualBG": 115, 
  "timestamp": "2016-06-17T10:00:18.991157", 
  "duration": 30, 
  "tick": "+3", 
  "IOB": 0.834
}