{
  "bg": 110, 
  "temp": "absolute", 
  "snoozeBG": 104, 
  "recieved": true, 
  "predBGs": {
    "IOB": [
      110, 
      110, 
      110, 
      110, 
      110, 
      109, 
      109, 
      108, 
      108, 
      107, 
      106, 
      105, 
      103, 
      102, 
      101, 
      100, 
      98, 
      97, 
      95, 
      94, 
      92, 
      91, 
      89, 
      88, 
      86, 
      85, 
      84, 
      83, 
      82, 
      81, 
      81, 
      80, 
      79, 
      79, 
      78
    ]
  }, 
  "rate": 1.125, 
  "reason": "COB: 0, Dev: 5, BGI: -0.82, ISF: 56.3, Target: 99; Eventual BG 104>=99, 24m@0.885 = 0.354 > req 0.08880994671403197+0.1U", 
  "COB": 0, 
  "eventualBG": 104, 
  "timestamp": "2016-06-17T19:38:28.875764", 
  "duration": 30, 
  "tick": "+0", 
  "IOB": 0.191
}