{
  "bg": 155, 
  "temp": "absolute", 
  "snoozeBG": 128, 
  "recieved": true, 
  "predBGs": {
    "COB": [
      155, 
      156, 
      157, 
      157, 
      156, 
      155, 
      154, 
      152, 
      149, 
      146, 
      143, 
      138, 
      134, 
      129, 
      124, 
      119, 
      114, 
      109, 
      105, 
      101, 
      97, 
      94, 
      91, 
      88, 
      86, 
      84, 
      83, 
      82, 
      81, 
      81, 
      81, 
      82, 
      83, 
      84, 
      86, 
      88, 
      89
    ], 
    "aCOB": [
      155, 
      163, 
      170, 
      176, 
      182, 
      187, 
      191, 
      194, 
      196, 
      198, 
      199, 
      199, 
      198, 
      197, 
      196, 
      194, 
      192, 
      190, 
      188, 
      187, 
      185, 
      183, 
      182, 
      181, 
      179, 
      178, 
      178, 
      177, 
      176
    ], 
    "IOB": [
      155, 
      156, 
      156, 
      155, 
      154, 
      152, 
      149, 
      146, 
      141, 
      136, 
      130, 
      124, 
      116, 
      109, 
      101, 
      93, 
      86, 
      79, 
      72, 
      65, 
      59, 
      53, 
      47, 
      42, 
      39
    ]
  }, 
  "rate": 1.5, 
  "reason": "COB: 52, Dev: 18, BGI: -1.94, ISF: 56.3, Target: 74; Eventual BG 89>=74, 23m@1.260 = 0.483 > req 0.2664298401420959+0.1U", 
  "COB": 52, 
  "eventualBG": 89, 
  "timestamp": "2016-06-17T20:12:12.094025", 
  "duration": 30, 
  "tick": "+1", 
  "IOB": 2.164
}