{
  "bg": 95, 
  "temp": "absolute", 
  "snoozeBG": 178, 
  "recieved": true, 
  "predBGs": {
    "COB": [
      95, 
      102, 
      109, 
      116, 
      122, 
      127, 
      132, 
      136, 
      139, 
      141, 
      143, 
      144, 
      145, 
      144, 
      143, 
      142, 
      140, 
      138, 
      136, 
      134, 
      132, 
      130, 
      128, 
      126, 
      124, 
      122, 
      120, 
      118, 
      117, 
      115, 
      114, 
      112, 
      111, 
      110, 
      109, 
      109, 
      108
    ], 
    "aCOB": [
      95, 
      106, 
      116, 
      125, 
      134, 
      141, 
      148, 
      154, 
      158, 
      162, 
      164, 
      166, 
      166, 
      166, 
      164, 
      162, 
      159, 
      155, 
      152, 
      148, 
      143, 
      139, 
      135, 
      131, 
      128, 
      124, 
      121, 
      119, 
      116, 
      114, 
      112, 
      110, 
      109, 
      108, 
      107, 
      107, 
      106
    ], 
    "IOB": [
      95, 
      102, 
      109, 
      114, 
      119, 
      122, 
      125, 
      127, 
      127, 
      127, 
      125, 
      123, 
      119, 
      115, 
      111, 
      106, 
      101, 
      96, 
      92, 
      87, 
      83, 
      78, 
      74, 
      71, 
      67, 
      64, 
      61, 
      58, 
      56, 
      53, 
      51, 
      50, 
      48, 
      47, 
      47, 
      46
    ]
  }, 
  "rate": 0.85, 
  "reason": "COB: 23, Dev: 37, BGI: 1.48, ISF: 60.6, Target: 102; Eventual BG 108>=102, 27m@0.940 = 0.423 > req 0.099009900990099+0.1U", 
  "COB": 23, 
  "eventualBG": 108, 
  "timestamp": "2016-06-18T06:37:20.371840", 
  "duration": 30, 
  "tick": "+8", 
  "IOB": 0.954
}