{
  "bg": 175, 
  "temp": "absolute", 
  "snoozeBG": 122, 
  "recieved": true, 
  "predBGs": {
    "IOB": [
      175, 
      175, 
      174, 
      174, 
      172, 
      171, 
      169, 
      166, 
      163, 
      160, 
      156, 
      153, 
      148, 
      144, 
      139, 
      135, 
      130, 
      125, 
      121, 
      116, 
      112, 
      108, 
      104, 
      101, 
      97, 
      95, 
      92, 
      90, 
      87, 
      86, 
      84, 
      83, 
      82, 
      81, 
      80, 
      79
    ]
  }, 
  "rate": 1.175, 
  "reason": "COB: 0, Dev: 8, BGI: -1.29, ISF: 64.5, Target: 104; Eventual BG 122>=104, 27m@1.380 = 0.621 > req 0.27906976744186046+0.1U", 
  "COB": 0, 
  "eventualBG": 122, 
  "timestamp": "2016-06-18T17:06:12.910397", 
  "duration": 30, 
  "tick": "+0", 
  "IOB": 0.94
}