{
  "bg": 149, 
  "temp": "absolute", 
  "snoozeBG": 99, 
  "recieved": true, 
  "predBGs": {
    "COB": [
      149, 
      150, 
      150, 
      149, 
      148, 
      147, 
      144, 
      142, 
      139, 
      137, 
      135, 
      132, 
      129, 
      127, 
      124, 
      122, 
      119, 
      117, 
      115, 
      113, 
      111, 
      109, 
      107, 
      106, 
      104, 
      103, 
      102, 
      101, 
      101, 
      100, 
      100, 
      100, 
      99
    ], 
    "aCOB": [
      149, 
      155, 
      159, 
      162, 
      164, 
      164, 
      163, 
      161, 
      158, 
      154, 
      150, 
      145, 
      140, 
      135, 
      131, 
      127, 
      123, 
      119, 
      116, 
      112, 
      110, 
      107, 
      105, 
      103, 
      101, 
      100, 
      99, 
      99, 
      98, 
      98, 
      97, 
      97, 
      97, 
      96
    ], 
    "IOB": [
      149, 
      150, 
      149, 
      148, 
      147, 
      144, 
      141, 
      137, 
      133, 
      129, 
      124, 
      120, 
      115, 
      111, 
      106, 
      102, 
      98, 
      94, 
      91, 
      88, 
      85, 
      82, 
      80, 
      78, 
      77, 
      75, 
      74, 
      74, 
      73, 
      73, 
      72, 
      72, 
      72, 
      72, 
      71
    ]
  }, 
  "rate": 0.75, 
  "reason": "COB: 17, Dev: 25, BGI: -3.21, ISF: 55.9, Target: 98; Eventual BG 99>=98, 24m@0.405 = 0.162 > req 0.017889087656529516+0.1U", 
  "COB": 17, 
  "eventualBG": 99, 
  "timestamp": "2016-06-17T13:05:11.931575", 
  "duration": 30, 
  "tick": "+1", 
  "IOB": 1.551
}