{
  "bg": 134, 
  "temp": "absolute", 
  "snoozeBG": 204, 
  "recieved": true, 
  "predBGs": {
    "COB": [
      134, 
      141, 
      147, 
      152, 
      155, 
      157, 
      158, 
      157, 
      155, 
      152, 
      148, 
      143, 
      138, 
      133, 
      128, 
      123, 
      117, 
      112, 
      107, 
      103, 
      98, 
      94, 
      90, 
      87, 
      83, 
      80, 
      77, 
      74, 
      72, 
      69, 
      67, 
      66, 
      64, 
      63, 
      62, 
      61, 
      60
    ], 
    "aCOB": [
      134, 
      138, 
      142, 
      145, 
      148, 
      149, 
      150, 
      151, 
      150, 
      149, 
      146, 
      143, 
      139, 
      135, 
      130, 
      124, 
      119, 
      114, 
      109, 
      104, 
      100, 
      96, 
      92, 
      88, 
      85, 
      82, 
      79, 
      76, 
      73, 
      71, 
      69, 
      67, 
      66, 
      64, 
      63, 
      63, 
      62
    ], 
    "IOB": [
      134, 
      141, 
      148, 
      153, 
      157, 
      161, 
      163, 
      164, 
      164, 
      162, 
      160, 
      156, 
      152, 
      147, 
      141, 
      136, 
      131, 
      126, 
      121, 
      116, 
      112, 
      108, 
      104, 
      100, 
      97, 
      94, 
      91, 
      88, 
      85, 
      83, 
      81, 
      79, 
      78, 
      76, 
      75, 
      74
    ]
  }, 
  "rate": 0.675, 
  "reason": "COB: 14, Dev: 80, BGI: -4.94, ISF: 85.1, Target: 119; Eventual BG 128>=119, 27m@1.130 = 0.509 > req 0.10575793184488837+0.1U", 
  "COB": 14, 
  "eventualBG": 128, 
  "timestamp": "2016-06-15T15:56:09.866562", 
  "duration": 30, 
  "tick": "+9", 
  "IOB": 1.016
}